"Municipio","Anio","ProduccionTotal","NumeroCampos","DiferenciaCampos"
"ACACIAS",2010,21416818,7,0
"ACACIAS",2011,26469800,7,0
"ACACIAS",2012,31544339,6,-1
"ACACIAS",2013,33886988,6,-1
"ACACIAS",2014,34673319,7,0
"ACACIAS",2015,41954832,6,-1
"ACACIAS",2016,38263321,6,-1
"ACACIAS",2017,37699316.06,8,1
"ACACIAS",2018,37322373.77,6,-1
"ACACIAS",2019,40935874.89,6,-1
"ACACIAS",2020,38191424,6,-1
"ACACIAS",2021,18051825.42,6,-1
"AGUACHICA",2010,31708,4,0
"AGUACHICA",2011,32863,4,0
"AGUACHICA",2012,31242,5,1
"AGUACHICA",2013,114952,7,3
"AGUACHICA",2014,230712,6,2
"AGUACHICA",2015,318953,4,0
"AGUACHICA",2016,99816,6,2
"AGUACHICA",2017,165381.6,9,5
"AGUACHICA",2018,254763.1,7,3
"AGUACHICA",2019,220437.16,6,2
"AGUACHICA",2020,109950.08,4,0
"AGUACHICA",2021,65776.93,4,0
"AGUAZUL",2010,18275740,7,0
"AGUAZUL",2011,18101859,8,1
"AGUAZUL",2012,15971243,10,3
"AGUAZUL",2013,13159466,9,2
"AGUAZUL",2014,11870672,11,4
"AGUAZUL",2015,9794029,11,4
"AGUAZUL",2016,9505700,10,3
"AGUAZUL",2017,8829535.92,9,2
"AGUAZUL",2018,7879610.93,8,1
"AGUAZUL",2019,7137966.23000001,8,1
"AGUAZUL",2020,5376907.27,8,1
"AGUAZUL",2021,2397841.95,8,1
"AIPE",2010,6257843,10,0
"AIPE",2011,6395097,11,1
"AIPE",2012,6009699,11,1
"AIPE",2013,5554695,10,0
"AIPE",2014,5354118,9,-1
"AIPE",2015,4844632,9,-1
"AIPE",2016,4244077,9,-1
"AIPE",2017,3739484.21,11,1
"AIPE",2018,3487634.1,10,0
"AIPE",2019,3496809.92,10,0
"AIPE",2020,3127530.71,10,0
"AIPE",2021,1382939.11,10,0
"ALVARADO",2010,27203,1,0
"ALVARADO",2011,66286,1,0
"ALVARADO",2012,48176,1,0
"ALVARADO",2013,41950,1,0
"ALVARADO",2014,46188,1,0
"ALVARADO",2015,44352,1,0
"ALVARADO",2016,53922,1,0
"ALVARADO",2017,10404.46,1,0
"ALVARADO",2018,20081.24,1,0
"ALVARADO",2019,50227.4,1,0
"ALVARADO",2020,19270.84,1,0
"ALVARADO",2021,12005.42,1,0
"ARAUCA",2010,17732811,6,0
"ARAUCA",2011,16087139,7,1
"ARAUCA",2012,14664610,7,1
"ARAUCA",2013,12643533,6,0
"ARAUCA",2014,10741471,5,-1
"ARAUCA",2015,12889772,5,-1
"ARAUCA",2016,11817697,6,0
"ARAUCA",2017,10591653.06,10,4
"ARAUCA",2018,10917203.91,8,2
"ARAUCA",2019,10470598.25,8,2
"ARAUCA",2020,9221277.22000001,6,0
"ARAUCA",2021,4515610.67,6,0
"ARAUQUITA",2010,10830931,12,0
"ARAUQUITA",2011,9462825,14,2
"ARAUQUITA",2012,8260919,14,2
"ARAUQUITA",2013,8581759,15,3
"ARAUQUITA",2014,6963495,13,1
"ARAUQUITA",2015,5987756,12,0
"ARAUQUITA",2016,4994172,12,0
"ARAUQUITA",2017,4938349.79,20,8
"ARAUQUITA",2018,5281648.11,17,5
"ARAUQUITA",2019,7392206.75,19,7
"ARAUQUITA",2020,8783262.21,18,6
"ARAUQUITA",2021,4090073.76,18,6
"ARIGUANI",2011,1821,1,0
"ARIGUANI",2012,969,1,0
"ARIGUANI",2014,313,1,0
"ARIGUANI",2015,41247,1,0
"ARIGUANI",2016,57451,1,0
"ARIGUANI",2017,81989.57,1,0
"ARIGUANI",2018,54915.5,1,0
"ARIGUANI",2019,53008.08,1,0
"ARIGUANI",2020,35174.39,1,0
"ARIGUANI",2021,10233.82,1,0
"BARAYA",2010,72148,1,0
"BARAYA",2011,59380,1,0
"BARAYA",2012,68470,1,0
"BARAYA",2013,168752,1,0
"BARAYA",2014,36488,1,0
"BARAYA",2015,38542,1,0
"BARAYA",2016,51460,1,0
"BARAYA",2017,53106.18,1,0
"BARAYA",2018,51151,1,0
"BARAYA",2019,43609.5,1,0
"BARAYA",2020,44282.82,1,0
"BARRANCA DE UPIA",2010,2617772,3,0
"BARRANCA DE UPIA",2011,1334924,3,0
"BARRANCA DE UPIA",2012,729138,3,0
"BARRANCA DE UPIA",2013,478560,3,0
"BARRANCA DE UPIA",2014,391751,5,2
"BARRANCA DE UPIA",2015,905955,4,1
"BARRANCA DE UPIA",2016,250511,3,0
"BARRANCA DE UPIA",2017,242426.83,5,2
"BARRANCA DE UPIA",2018,220362.37,3,0
"BARRANCA DE UPIA",2019,181210.45,3,0
"BARRANCA DE UPIA",2020,86329.22,3,0
"BARRANCA DE UPIA",2021,30166.6,2,-1
"BARRANCABERMEJA",2010,9808803,7,0
"BARRANCABERMEJA",2011,13698931,7,0
"BARRANCABERMEJA",2012,14461048,7,0
"BARRANCABERMEJA",2013,15327713,7,0
"BARRANCABERMEJA",2014,16024342,8,1
"BARRANCABERMEJA",2015,16331086,7,0
"BARRANCABERMEJA",2016,14767890,6,-1
"BARRANCABERMEJA",2017,15759644.24,8,1
"BARRANCABERMEJA",2018,17905165.47,6,-1
"BARRANCABERMEJA",2019,16812628.07,3,-4
"BARRANCABERMEJA",2020,14485225.41,3,-4
"BARRANCABERMEJA",2021,6734841.64,3,-4
"BOLIVAR",2010,6008,1,0
"BOLIVAR",2011,5251,1,0
"BOLIVAR",2013,11739,1,0
"BOLIVAR",2014,8858,1,0
"BOLIVAR",2015,7461,1,0
"BOLIVAR",2016,956,1,0
"BOLIVAR",2017,6124.59,1,0
"BOLIVAR",2018,2802.22,1,0
"BOLIVAR",2019,48.57,1,0
"CABUYARO",2010,7886150,4,0
"CABUYARO",2011,7796690,6,2
"CABUYARO",2012,5783019,9,5
"CABUYARO",2013,3450657,8,4
"CABUYARO",2014,3579227,14,10
"CABUYARO",2015,6399165,14,10
"CABUYARO",2016,6387028,14,10
"CABUYARO",2017,6625874.76,17,13
"CABUYARO",2018,6397390.26,13,9
"CABUYARO",2019,7980765.65,13,9
"CABUYARO",2020,6983526.46,9,5
"CABUYARO",2021,3831095.2,10,6
"CANTAGALLO",2010,3047200,1,0
"CANTAGALLO",2011,3736464,1,0
"CANTAGALLO",2012,3599454,1,0
"CANTAGALLO",2013,3686867,1,0
"CANTAGALLO",2014,4057891,1,0
"CANTAGALLO",2015,4550903,1,0
"CANTAGALLO",2016,4383010,1,0
"CANTAGALLO",2017,3752734.81,1,0
"CANTAGALLO",2018,3763678.3,1,0
"CANTAGALLO",2019,5044246,1,0
"CANTAGALLO",2020,5485219.08,1,0
"CANTAGALLO",2021,2735839.7,1,0
"CASTILLA NUEVA",2010,22237960,3,0
"CASTILLA NUEVA",2011,25634858,3,0
"CASTILLA NUEVA",2012,24491068,5,2
"CASTILLA NUEVA",2013,24584612,5,2
"CASTILLA NUEVA",2014,23207002,5,2
"CASTILLA NUEVA",2015,27929239,5,2
"CASTILLA NUEVA",2016,28333947,5,2
"CASTILLA NUEVA",2017,25978920.66,5,2
"CASTILLA NUEVA",2018,25787420.67,5,2
"CASTILLA NUEVA",2019,26090093.81,5,2
"CASTILLA NUEVA",2020,25460388.11,5,2
"CASTILLA NUEVA",2021,10302156.15,5,2
"CHAPARRAL",2010,40432,2,0
"CHAPARRAL",2011,65216,2,0
"CHAPARRAL",2012,63884,2,0
"CHAPARRAL",2013,113536,2,0
"CHAPARRAL",2014,57690,2,0
"CHAPARRAL",2015,106657,2,0
"CHAPARRAL",2016,130082,1,-1
"CHAPARRAL",2017,149926,2,0
"CHAPARRAL",2018,115269.86,1,-1
"CHAPARRAL",2019,182627.09,1,-1
"CHAPARRAL",2020,473533.7,2,0
"CHAPARRAL",2021,201658.35,2,0
"CICUCO",2010,53278,1,0
"CICUCO",2011,140935,1,0
"CICUCO",2012,170571,1,0
"CICUCO",2013,159121,1,0
"CICUCO",2014,155267,1,0
"CICUCO",2015,148328,1,0
"CICUCO",2016,147959,1,0
"CICUCO",2017,145045.21,2,1
"CICUCO",2018,131461.31,1,0
"CICUCO",2019,124611.36,1,0
"CICUCO",2020,109095.85,1,0
"CICUCO",2021,74326.4,1,0
"CIMITARRA",2010,13203,3,0
"CIMITARRA",2011,12239,2,-1
"CIMITARRA",2012,20900,3,0
"CIMITARRA",2013,42175,4,1
"CIMITARRA",2014,12196,3,0
"CIMITARRA",2015,16792,2,-1
"CIMITARRA",2016,19802,3,0
"CIMITARRA",2017,13178.38,5,2
"CIMITARRA",2018,13947.21,3,0
"CIMITARRA",2019,24756.58,4,1
"CIMITARRA",2020,30941.3,4,1
"CIMITARRA",2021,8032.13,1,-2
"COELLO",2010,5199,1,0
"COELLO",2011,9749,1,0
"COELLO",2012,6011,1,0
"COELLO",2013,4423,1,0
"COELLO",2014,890,1,0
"CORRALES",2010,7182,2,0
"CORRALES",2011,370330,2,0
"CORRALES",2012,552336,4,2
"CORRALES",2013,505270,5,3
"CORRALES",2014,610121,2,0
"CORRALES",2015,428244,2,0
"CORRALES",2016,221807,2,0
"CORRALES",2017,103114.37,3,1
"CORRALES",2018,124956.55,2,0
"CORRALES",2019,93459.94,2,0
"CORRALES",2020,53587.73,2,0
"CORRALES",2021,28671.56,2,0
"CUCUTA",2010,533907,3,0
"CUCUTA",2011,400625,2,-1
"CUCUTA",2012,476425,2,-1
"CUCUTA",2013,394915,2,-1
"CUCUTA",2014,321363,2,-1
"CUCUTA",2015,382251,2,-1
"CUCUTA",2016,336463,2,-1
"CUCUTA",2017,303594.5,3,0
"CUCUTA",2018,274724.87,1,-2
"CUCUTA",2019,299133.75,1,-2
"CUCUTA",2020,332067.73,1,-2
"CUCUTA",2021,143819.33,1,-2
"EL CARMEN DE CHUCURI",2010,16102,1,0
"EL CARMEN DE CHUCURI",2011,19436,1,0
"EL CARMEN DE CHUCURI",2012,19500,1,0
"EL CARMEN DE CHUCURI",2013,17140,1,0
"EL CARMEN DE CHUCURI",2014,19449,2,1
"EL CARMEN DE CHUCURI",2015,19007,1,0
"EL CARMEN DE CHUCURI",2016,18577,1,0
"EL CARMEN DE CHUCURI",2017,18470.81,1,0
"EL CARMEN DE CHUCURI",2018,18042.14,1,0
"EL CARMEN DE CHUCURI",2019,11749.23,1,0
"ESPINAL",2010,705695,3,0
"ESPINAL",2011,674881,2,-1
"ESPINAL",2012,491918,1,-2
"ESPINAL",2013,408186,1,-2
"ESPINAL",2014,367135,1,-2
"ESPINAL",2015,279036,1,-2
"ESPINAL",2016,291030,1,-2
"ESPINAL",2017,216198.75,1,-2
"ESPINAL",2018,197259.78,1,-2
"ESPINAL",2019,166668.91,1,-2
"ESPINAL",2020,161799.58,1,-2
"ESPINAL",2021,65289.92,1,-2
"FLANDES",2010,8954,2,0
"FLANDES",2011,17780,1,-1
"FLANDES",2012,10551,1,-1
"FLANDES",2013,8756,1,-1
"FLANDES",2014,7877,1,-1
"FLANDES",2015,5985,1,-1
"FLANDES",2016,6242,1,-1
"FLANDES",2017,42749.25,1,-1
"FLANDES",2018,16464.22,1,-1
"FLANDES",2019,3575.12,1,-1
"FLANDES",2020,3470.66,1,-1
"FLANDES",2021,1400.5,1,-1
"FUENTE DE ORO",2014,78937,1,0
"FUENTE DE ORO",2017,0,1,0
"GAMARRA",2017,0,1,0
"GARZON",2010,693658,1,0
"GARZON",2011,812909,1,0
"GARZON",2012,243480,1,0
"GARZON",2013,289198,1,0
"GARZON",2014,115837,2,1
"GARZON",2015,5477,1,0
"GARZON",2017,3452.03,2,1
"GARZON",2018,31239.98,1,0
"GARZON",2019,60829.71,1,0
"GARZON",2020,396971.78,1,0
"GARZON",2021,180598.19,1,0
"GIGANTE",2010,146693,1,0
"GIGANTE",2011,107712,1,0
"GIGANTE",2012,32262,1,0
"GIGANTE",2013,38319,1,0
"GIGANTE",2014,15347,2,1
"GIGANTE",2015,726,1,0
"GIGANTE",2017,458.09,2,1
"GIGANTE",2018,4139.37,1,0
"GIGANTE",2019,7954.02,1,0
"GIGANTE",2020,46390.11,1,0
"GIGANTE",2021,16332.84,1,0
"GUADUAS",2010,234133,1,0
"GUADUAS",2011,244221,1,0
"GUADUAS",2012,237401,1,0
"GUADUAS",2013,211572,1,0
"GUADUAS",2014,124891,1,0
"GUADUAS",2015,95825,1,0
"GUADUAS",2016,90710,1,0
"GUADUAS",2017,63606.11,1,0
"GUADUAS",2018,52721.14,1,0
"GUADUAS",2019,48507.27,1,0
"GUADUAS",2020,41786.1,1,0
"GUADUAS",2021,1288.16,1,0
"GUAMAL",2010,1404375,1,0
"GUAMAL",2011,1811279,1,0
"GUAMAL",2012,2830868,2,1
"GUAMAL",2013,4146490,2,1
"GUAMAL",2014,4581996,3,2
"GUAMAL",2015,6447774,3,2
"GUAMAL",2016,6099614,3,2
"GUAMAL",2017,6218138.01,3,2
"GUAMAL",2018,6565541.46,3,2
"GUAMAL",2019,7343823.78,3,2
"GUAMAL",2020,6351009.4,3,2
"GUAMAL",2021,3465586.87,3,2
"GUAMO",2011,2467,1,0
"GUAMO",2012,894,1,0
"GUAMO",2013,1376,1,0
"GUAMO",2014,1435,1,0
"GUAMO",2015,1158,1,0
"GUAMO",2016,330,1,0
"GUAMO",2017,461.04,2,1
"GUAMO",2018,878.88,1,0
"GUAMO",2019,1168.89,1,0
"GUAMO",2020,1.05,1,0
"HATO COROZAL",2013,8983,1,0
"HATO COROZAL",2017,0,1,0
"HATO COROZAL",2021,4117.31,1,0
"ICONONZO",2010,148918,1,0
"ICONONZO",2011,163579,1,0
"ICONONZO",2012,141085,1,0
"ICONONZO",2013,113881,1,0
"ICONONZO",2014,100876,1,0
"ICONONZO",2015,89135,1,0
"ICONONZO",2016,71740,1,0
"ICONONZO",2017,64523.75,1,0
"ICONONZO",2018,55288.32,1,0
"ICONONZO",2019,51233,1,0
"ICONONZO",2020,44334.27,1,0
"ICONONZO",2021,16986.66,1,0
"IPIALES",2010,370386,1,0
"IPIALES",2011,326097,1,0
"IPIALES",2012,187102,1,0
"IPIALES",2013,154950,1,0
"IPIALES",2014,130432,1,0
"IPIALES",2015,108600,1,0
"IPIALES",2016,121759,1,0
"IPIALES",2017,96687.97,1,0
"IPIALES",2018,93949.64,1,0
"IPIALES",2019,85185.74,1,0
"IPIALES",2020,21296.91,1,0
"IPIALES",2021,1106.64,1,0
"LA ESPERANZA",2010,29606,1,0
"LA ESPERANZA",2011,24433,1,0
"LA ESPERANZA",2012,24372,1,0
"LA ESPERANZA",2013,22966,1,0
"LA ESPERANZA",2014,17927,1,0
"LA ESPERANZA",2015,19815,1,0
"LA ESPERANZA",2016,18819,1,0
"LA ESPERANZA",2017,19303.25,1,0
"LA ESPERANZA",2018,17109.07,1,0
"LA ESPERANZA",2019,15761.84,1,0
"LA UNION",2017,0,1,0
"LOS PALMITOS",2010,2777,1,0
"LOS PALMITOS",2011,3402,2,1
"LOS PALMITOS",2012,3320,2,1
"LOS PALMITOS",2013,2825,2,1
"LOS PALMITOS",2014,2275,2,1
"LOS PALMITOS",2015,2889,2,1
"LOS PALMITOS",2016,2315,1,0
"LOS PALMITOS",2017,944.15,2,1
"LOS PALMITOS",2018,443.53,1,0
"LOS PALMITOS",2019,15.28,1,0
"LOS PALMITOS",2020,15.05,1,0
"LOS PALMITOS",2021,2.94,1,0
"MANI",2010,4178104,12,0
"MANI",2011,4459012,12,0
"MANI",2012,4350747,16,4
"MANI",2013,4650808,18,6
"MANI",2014,5260319,19,7
"MANI",2015,4378587,17,5
"MANI",2016,2931153,15,3
"MANI",2017,2238036.39,20,8
"MANI",2018,1887949.43,16,4
"MANI",2019,1456805.17,14,2
"MANI",2020,1013252.19,15,3
"MANI",2021,544671.62,12,0
"MELGAR",2010,5391857,1,0
"MELGAR",2011,6020572,1,0
"MELGAR",2012,5189960,2,1
"MELGAR",2013,4352311,2,1
"MELGAR",2014,3965986,2,1
"MELGAR",2015,4205292,2,1
"MELGAR",2016,3518449,2,1
"MELGAR",2017,3526696.67,2,1
"MELGAR",2018,3347255.03,2,1
"MELGAR",2019,2773052.52,2,1
"MELGAR",2020,2727972.38,3,2
"MELGAR",2021,1203598.61,3,2
"MOCOA",2010,80927,1,0
"MOCOA",2011,228871,2,1
"MOCOA",2012,796286,2,1
"MOCOA",2013,1503516,2,1
"MOCOA",2014,1967525,2,1
"MOCOA",2015,2476703,2,1
"MOCOA",2016,2624169,2,1
"MOCOA",2017,1966337.17,2,1
"MOCOA",2018,1384543.36,2,1
"MOCOA",2019,1427191.85,2,1
"MOCOA",2020,938152.3,2,1
"MOCOA",2021,368832.1,1,0
"MOMPOS",2010,1025,1,0
"MOMPOS",2011,772,1,0
"MOMPOS",2012,71,1,0
"MOMPOS",2013,512,1,0
"MOMPOS",2014,683,1,0
"MOMPOS",2015,2206,1,0
"MOMPOS",2016,409,1,0
"MOMPOS",2017,348.55,2,1
"MOMPOS",2018,858.63,1,0
"MOMPOS",2019,565.79,1,0
"MOMPOS",2020,682.36,1,0
"MOMPOS",2021,255.63,1,0
"MONTERREY",2010,150266,1,0
"MONTERREY",2011,920736,2,1
"MONTERREY",2012,519032,2,1
"MONTERREY",2013,436658,2,1
"MONTERREY",2014,373768,2,1
"MONTERREY",2015,327575,1,0
"MONTERREY",2016,260801,1,0
"MONTERREY",2017,127143.74,1,0
"MONTERREY",2018,38762.22,1,0
"MONTERREY",2019,78143.84,1,0
"MONTERREY",2020,64663.97,2,1
"MONTERREY",2021,49530.29,1,0
"MUNICIPIO NN",2010,213421,2,0
"MUNICIPIO NN",2011,272498,1,-1
"MUNICIPIO NN",2012,136370,1,-1
"MUNICIPIO NN",2013,683484,2,0
"MUNICIPIO NN",2014,1168994,1,-1
"MUNICIPIO NN",2015,231353,2,0
"MUNICIPIO NN",2016,3150,1,-1
"MUNICIPIO NN",2017,3779.98,2,0
"MUNICIPIO NN",2018,558534.18,1,-1
"MUNICIPIO NN",2019,925721.52,1,-1
"MUNICIPIO NN",2020,112561.48,1,-1
"MUNICIPIO NN",2021,94179.1,1,-1
"MUNICIPIO NN CASANARE",2011,84971,1,0
"MUNICIPIO NN CASANARE",2012,98779,1,0
"MUNICIPIO NN CASANARE",2013,105006,1,0
"MUNICIPIO NN CASANARE",2014,137018,2,1
"MUNICIPIO NN CASANARE",2015,91249,2,1
"MUNICIPIO NN CASANARE",2016,32859,1,0
"MUNICIPIO NN CASANARE",2017,406869.51,3,2
"MUNICIPIO NN CASANARE",2018,596787.73,3,2
"MUNICIPIO NN CASANARE",2019,253111.5,3,2
"MUNICIPIO NN CASANARE",2020,21617.36,2,1
"MUNICIPIO NN CASANARE",2021,12129.79,1,0
"MUNICIPIO NN META",2012,6380,1,0
"MUNICIPIO NN META",2013,6110,1,0
"MUNICIPIO NN META",2018,569232.33,2,1
"MUNICIPIO NN META",2019,647081.94,1,0
"MUNICIPIO NN META",2021,2290.38,1,0
"MUNICIPIO NN PUTUMAYO",2011,866,1,0
"MUNICIPIO NN SANTANDER",2011,12961,1,0
"MUNICIPIO NN SANTANDER",2012,16933,1,0
"MUNICIPIO NN SANTANDER",2013,17818,1,0
"MUNICIPIO NN SANTANDER",2014,10154,1,0
"MUNICIPIO NN SANTANDER",2015,8121,1,0
"MUNICIPIO NN SANTANDER",2016,747,1,0
"MUNICIPIO NN SANTANDER",2017,12521,1,0
"MUNICIPIO NN SANTANDER",2018,12293.95,1,0
"MUNICIPIO NN SANTANDER",2019,10295.77,1,0
"NEIVA",2010,7410732,10,0
"NEIVA",2011,6680036,10,0
"NEIVA",2012,6586190,10,0
"NEIVA",2013,7581432,10,0
"NEIVA",2014,7201550,11,1
"NEIVA",2015,6953554,11,1
"NEIVA",2016,6534034,11,1
"NEIVA",2017,6105065.58,11,1
"NEIVA",2018,5783338.91,11,1
"NEIVA",2019,5486149.7,11,1
"NEIVA",2020,5011052.51,11,1
"NEIVA",2021,2391284.3,11,1
"NUNCHIA",2010,23349,2,0
"NUNCHIA",2011,19384,2,0
"NUNCHIA",2012,9927,1,-1
"NUNCHIA",2013,33111,2,0
"NUNCHIA",2014,4269,1,-1
"NUNCHIA",2015,11718,2,0
"NUNCHIA",2016,5764,1,-1
"NUNCHIA",2017,4005.8,3,1
"NUNCHIA",2018,7729.63,2,0
"NUNCHIA",2019,2399.37,1,-1
"NUNCHIA",2020,1680.03,1,-1
"NUNCHIA",2021,1267.05,2,0
"ORITO",2010,2932964,8,0
"ORITO",2011,2439302,8,0
"ORITO",2012,2122418,8,0
"ORITO",2013,2014789,8,0
"ORITO",2014,1791806,7,-1
"ORITO",2015,1689560,7,-1
"ORITO",2016,1815608,5,-3
"ORITO",2017,1365185.62,9,1
"ORITO",2018,1481808.54,6,-2
"ORITO",2019,1373329.9,7,-1
"ORITO",2020,1180547.09,7,-1
"ORITO",2021,697872.88,7,-1
"OROCUE",2010,5920215,24,0
"OROCUE",2011,6370769,31,7
"OROCUE",2012,9644699,41,17
"OROCUE",2013,11693552,45,21
"OROCUE",2014,10247406,42,18
"OROCUE",2015,8287448,40,16
"OROCUE",2016,6032711,37,13
"OROCUE",2017,5858572.38,47,23
"OROCUE",2018,5014898.01,39,15
"OROCUE",2019,5175392.09,40,16
"OROCUE",2020,3802403.83,39,15
"OROCUE",2021,1771422.5,35,11
"ORTEGA",2010,576661,5,0
"ORTEGA",2011,749341,5,0
"ORTEGA",2012,820073,6,1
"ORTEGA",2013,748263,5,0
"ORTEGA",2014,642665,5,0
"ORTEGA",2015,500607,5,0
"ORTEGA",2017,406920.65,5,0
"ORTEGA",2018,529875.28,3,-2
"ORTEGA",2019,480004.01,4,-1
"ORTEGA",2020,267314.17,4,-1
"ORTEGA",2021,145392.27,4,-1
"OVEJAS",2012,246,2,0
"OVEJAS",2013,194,1,-1
"OVEJAS",2016,366,1,-1
"OVEJAS",2017,11175,2,0
"OVEJAS",2018,11956.61,2,0
"OVEJAS",2019,12308.85,2,0
"OVEJAS",2020,10630.93,2,0
"OVEJAS",2021,5311.78,2,0
"PAICOL",2010,648427,1,0
"PAICOL",2011,389771,1,0
"PAICOL",2012,495790,1,0
"PAICOL",2013,644424,1,0
"PAICOL",2014,626012,1,0
"PAICOL",2015,759617,1,0
"PAICOL",2016,584376,1,0
"PAICOL",2017,570377,1,0
"PAICOL",2018,438131.94,1,0
"PAICOL",2019,488393.32,1,0
"PAICOL",2020,589551.46,1,0
"PAICOL",2021,271564.09,1,0
"PALERMO",2010,2023800,3,0
"PALERMO",2011,1847087,3,0
"PALERMO",2012,1790021,3,0
"PALERMO",2013,2620854,3,0
"PALERMO",2014,2451801,3,0
"PALERMO",2015,2374465,3,0
"PALERMO",2016,2097886,3,0
"PALERMO",2017,1926417.19,3,0
"PALERMO",2018,1877215.74,3,0
"PALERMO",2019,1636239.32,3,0
"PALERMO",2020,1419258.1,3,0
"PALERMO",2021,708662.01,3,0
"PAZ DE ARIPORO",2010,2875340,13,0
"PAZ DE ARIPORO",2011,2537359,15,2
"PAZ DE ARIPORO",2012,3848186,15,2
"PAZ DE ARIPORO",2013,4973021,22,9
"PAZ DE ARIPORO",2014,4352410,23,10
"PAZ DE ARIPORO",2015,4567937,20,7
"PAZ DE ARIPORO",2016,3037725,18,5
"PAZ DE ARIPORO",2017,2382247.88,25,12
"PAZ DE ARIPORO",2018,1923892.77,19,6
"PAZ DE ARIPORO",2019,1819343.12,20,7
"PAZ DE ARIPORO",2020,1731079.49,19,6
"PAZ DE ARIPORO",2021,772563.42,17,4
"PENDIENTE CERTIFICADO IGAC",2015,769247,4,0
"PENDIENTE CERTIFICADO IGAC",2016,473692,3,-1
"PENDIENTE CERTIFICADO IGAC",2017,4629129.42,6,2
"PENDIENTE CERTIFICADO IGAC",2018,2172563.45,4,0
"PIAMONTE",2010,304094,3,0
"PIAMONTE",2011,281449,3,0
"PIAMONTE",2012,333428,3,0
"PIAMONTE",2013,288672,3,0
"PIAMONTE",2014,405779,4,1
"PIAMONTE",2015,447832,4,1
"PIAMONTE",2016,487561,3,0
"PIAMONTE",2017,417425.66,4,1
"PIAMONTE",2018,304619.97,3,0
"PIAMONTE",2019,256367.68,3,0
"PIAMONTE",2020,87649.78,3,0
"PIAMONTE",2021,74912.58,1,-2
"PIEDRAS",2010,775185,4,0
"PIEDRAS",2011,871746,4,0
"PIEDRAS",2012,754681,4,0
"PIEDRAS",2013,896254,4,0
"PIEDRAS",2014,922908,4,0
"PIEDRAS",2015,798927,4,0
"PIEDRAS",2016,653087,4,0
"PIEDRAS",2017,597600.78,4,0
"PIEDRAS",2018,520457.31,4,0
"PIEDRAS",2019,458927,4,0
"PIEDRAS",2020,389909.35,4,0
"PIEDRAS",2021,188609.39,4,0
"PIJINO DEL CARMEN",2011,471,1,0
"PIJINO DEL CARMEN",2012,1296,1,0
"PIJINO DEL CARMEN",2013,133,1,0
"PIJINO DEL CARMEN",2014,498,1,0
"PLATO",2020,51939.52,1,0
"PLATO",2021,55658.67,1,0
"PONEDERA",2020,31.85,1,0
"PONEDERA",2021,35.42,1,0
"PORE",2010,423929,2,0
"PORE",2011,2394823,2,0
"PORE",2012,3030116,2,0
"PORE",2013,1888921,3,1
"PORE",2014,804760,3,1
"PORE",2015,271838,3,1
"PORE",2016,59825,3,1
"PORE",2017,132510.91,3,1
"PORE",2018,133662.67,3,1
"PORE",2019,232091.9,3,1
"PORE",2020,102459.27,3,1
"PORE",2021,47268.92,3,1
"PRADO",2010,33264,1,0
"PRADO",2011,48018,1,0
"PRADO",2012,50023,1,0
"PRADO",2013,48272,1,0
"PRADO",2014,22148,1,0
"PRADO",2015,30563,1,0
"PRADO",2016,122032,1,0
"PRADO",2017,87008.9,1,0
"PRADO",2018,87670.76,1,0
"PRADO",2019,79211.08,1,0
"PRADO",2020,60510.31,1,0
"PRADO",2021,25686.62,1,0
"PUEBLO NUEVO",2013,404,1,0
"PUEBLO NUEVO",2014,773,1,0
"PUEBLO NUEVO",2015,662,1,0
"PUEBLO NUEVO",2016,693,1,0
"PUEBLO NUEVO",2017,545.1,1,0
"PUEBLO NUEVO",2018,322.66,1,0
"PUEBLO NUEVO",2019,91.08,1,0
"PUEBLO NUEVO",2020,116.84,2,1
"PUEBLO NUEVO",2021,184.12,2,1
"PUERTO ASIS",2010,2098335,4,0
"PUERTO ASIS",2011,2418230,4,0
"PUERTO ASIS",2012,3005838,4,0
"PUERTO ASIS",2013,5599586,4,0
"PUERTO ASIS",2014,6821581,5,1
"PUERTO ASIS",2015,5090335,5,1
"PUERTO ASIS",2016,3153635,6,2
"PUERTO ASIS",2017,4358238.67,7,3
"PUERTO ASIS",2018,4717373.73,6,2
"PUERTO ASIS",2019,3927382.02,5,1
"PUERTO ASIS",2020,1994401.29,5,1
"PUERTO ASIS",2021,960909.16,5,1
"PUERTO BOYACA",2010,10962925,7,0
"PUERTO BOYACA",2011,13369659,7,0
"PUERTO BOYACA",2012,13535613,7,0
"PUERTO BOYACA",2013,14415443,8,1
"PUERTO BOYACA",2014,15148866,7,0
"PUERTO BOYACA",2015,15329009,8,1
"PUERTO BOYACA",2016,13721632,7,0
"PUERTO BOYACA",2017,13141213.18,10,3
"PUERTO BOYACA",2018,11973127.66,8,1
"PUERTO BOYACA",2019,11420435.42,9,2
"PUERTO BOYACA",2020,10359752.72,9,2
"PUERTO BOYACA",2021,4658217.94,9,2
"PUERTO CAICEDO",2010,388037,5,0
"PUERTO CAICEDO",2011,365179,5,0
"PUERTO CAICEDO",2012,135218,5,0
"PUERTO CAICEDO",2013,177018,5,0
"PUERTO CAICEDO",2014,93467,4,-1
"PUERTO CAICEDO",2015,182466,4,-1
"PUERTO CAICEDO",2016,159578,3,-2
"PUERTO CAICEDO",2017,154261.53,4,-1
"PUERTO CAICEDO",2018,136392.24,2,-3
"PUERTO CAICEDO",2019,123382.8,2,-3
"PUERTO CAICEDO",2020,98091.67,2,-3
"PUERTO CAICEDO",2021,43925.45,2,-3
"PUERTO GAITAN",2010,59099924,17,0
"PUERTO GAITAN",2011,87316747,24,7
"PUERTO GAITAN",2012,95855863,27,10
"PUERTO GAITAN",2013,110713007,32,15
"PUERTO GAITAN",2014,102520377,32,15
"PUERTO GAITAN",2015,95445949,28,11
"PUERTO GAITAN",2016,99607721,27,10
"PUERTO GAITAN",2017,105953690.88,36,19
"PUERTO GAITAN",2018,95486161.69,30,13
"PUERTO GAITAN",2019,90148129.35,32,15
"PUERTO GAITAN",2020,74847063.06,27,10
"PUERTO GAITAN",2021,32218471.22,22,5
"PUERTO GUZMÁN",2010,13215,1,0
"PUERTO GUZMÁN",2011,7750,1,0
"PUERTO GUZMÁN",2012,7067,1,0
"PUERTO GUZMÁN",2013,424,1,0
"PUERTO LLERAS",2012,39,1,0
"PUERTO LLERAS",2013,784,1,0
"PUERTO LLERAS",2014,35,1,0
"PUERTO LLERAS",2015,71,1,0
"PUERTO LLERAS",2017,640.12,1,0
"PUERTO LOPEZ",2010,413282,2,0
"PUERTO LOPEZ",2011,311814,2,0
"PUERTO LOPEZ",2012,263162,2,0
"PUERTO LOPEZ",2013,804103,3,1
"PUERTO LOPEZ",2014,1449410,3,1
"PUERTO LOPEZ",2015,1686045,3,1
"PUERTO LOPEZ",2016,1202923,3,1
"PUERTO LOPEZ",2017,915571.67,4,2
"PUERTO LOPEZ",2018,878411.98,3,1
"PUERTO LOPEZ",2019,769195.73,4,2
"PUERTO LOPEZ",2020,371572.05,3,1
"PUERTO LOPEZ",2021,202378.98,3,1
"PUERTO NARE",2010,1191259,4,0
"PUERTO NARE",2011,969938,4,0
"PUERTO NARE",2012,970308,3,-1
"PUERTO NARE",2013,1264722,3,-1
"PUERTO NARE",2014,1270894,3,-1
"PUERTO NARE",2015,1154758,3,-1
"PUERTO NARE",2016,1087068,3,-1
"PUERTO NARE",2017,952873.31,3,-1
"PUERTO NARE",2018,1146299.97,3,-1
"PUERTO NARE",2019,1056432.3,3,-1
"PUERTO NARE",2020,947437.08,3,-1
"PUERTO NARE",2021,440996.98,3,-1
"PUERTO SALGAR",2010,17512,1,0
"PUERTO SALGAR",2011,8155,1,0
"PUERTO SALGAR",2012,1597,1,0
"PUERTO SALGAR",2013,9830,1,0
"PUERTO SALGAR",2014,13429,1,0
"PUERTO SALGAR",2015,13024,1,0
"PUERTO SALGAR",2016,9623,1,0
"PUERTO SALGAR",2017,8363.08,1,0
"PUERTO TRIUNFO",2010,329156,1,0
"PUERTO TRIUNFO",2011,255068,1,0
"PUERTO TRIUNFO",2012,470094,1,0
"PUERTO TRIUNFO",2013,475536,1,0
"PUERTO TRIUNFO",2014,449952,1,0
"PUERTO TRIUNFO",2015,436676,1,0
"PUERTO TRIUNFO",2016,349098,1,0
"PUERTO TRIUNFO",2017,305255.66,1,0
"PUERTO TRIUNFO",2018,300752.48,1,0
"PUERTO TRIUNFO",2019,269468.24,1,0
"PUERTO TRIUNFO",2020,231000.15,1,0
"PUERTO TRIUNFO",2021,116674.91,1,0
"PUERTO WILCHES",2010,986620,4,0
"PUERTO WILCHES",2011,1554222,4,0
"PUERTO WILCHES",2012,1783268,3,-1
"PUERTO WILCHES",2013,1947919,3,-1
"PUERTO WILCHES",2014,2163811,3,-1
"PUERTO WILCHES",2015,2085430,3,-1
"PUERTO WILCHES",2016,1778057,2,-2
"PUERTO WILCHES",2017,1576073.46,4,0
"PUERTO WILCHES",2018,1537836.97,2,-2
"PUERTO WILCHES",2019,1564496.89,3,-1
"PUERTO WILCHES",2020,1505789.93,3,-1
"PUERTO WILCHES",2021,820605.01,3,-1
"PULI",2010,60258,1,0
"PULI",2011,58079,1,0
"PULI",2012,76727,1,0
"PULI",2013,76510,1,0
"PULI",2014,82226,1,0
"PULI",2015,61678,1,0
"PULI",2016,17628,1,0
"PULI",2017,54566.32,1,0
"PULI",2018,49837.54,1,0
"PULI",2019,45645.88,1,0
"PULI",2020,12908.22,1,0
"PURIFICACIÓN",2010,2075880,4,0
"PURIFICACIÓN",2011,3002418,4,0
"PURIFICACIÓN",2012,4357795,4,0
"PURIFICACIÓN",2013,2880931,4,0
"PURIFICACIÓN",2014,2038694,4,0
"PURIFICACIÓN",2015,1811339,4,0
"PURIFICACIÓN",2016,2338453,4,0
"PURIFICACIÓN",2017,1933432.82,4,0
"PURIFICACIÓN",2018,1469960.13,4,0
"PURIFICACIÓN",2019,1217196.99,4,0
"PURIFICACIÓN",2020,1035980.82,4,0
"PURIFICACIÓN",2021,442354.83,3,-1
"RIO DE ORO",2010,313797,7,0
"RIO DE ORO",2011,314836,7,0
"RIO DE ORO",2012,450722,9,2
"RIO DE ORO",2013,575440,8,1
"RIO DE ORO",2014,410098,7,0
"RIO DE ORO",2015,436857,3,-4
"RIO DE ORO",2016,382225,5,-2
"RIO DE ORO",2017,327368.93,7,0
"RIO DE ORO",2018,301537.72,7,0
"RIO DE ORO",2019,313478.88,8,1
"RIO DE ORO",2020,219877.82,6,-1
"RIO DE ORO",2021,198929.19,6,-1
"RIO NEGRO",2019,22362.5,1,0
"RIONEGRO",2010,487084,3,0
"RIONEGRO",2011,728802,3,0
"RIONEGRO",2012,688081,3,0
"RIONEGRO",2013,603581,3,0
"RIONEGRO",2014,578154,5,2
"RIONEGRO",2015,868787,5,2
"RIONEGRO",2016,1051721,5,2
"RIONEGRO",2017,899158.29,6,3
"RIONEGRO",2018,794763.63,3,0
"RIONEGRO",2019,810712.64,4,1
"RIONEGRO",2020,742300.83,5,2
"RIONEGRO",2021,398781.65,4,1
"SABANA DE TORRES",2010,1581285,14,0
"SABANA DE TORRES",2011,2359057,12,-2
"SABANA DE TORRES",2012,2425080,12,-2
"SABANA DE TORRES",2013,2411149,12,-2
"SABANA DE TORRES",2014,2487122,10,-4
"SABANA DE TORRES",2015,2803088,9,-5
"SABANA DE TORRES",2016,2180600,9,-5
"SABANA DE TORRES",2017,1976885.95,12,-2
"SABANA DE TORRES",2018,1742810.7,9,-5
"SABANA DE TORRES",2019,1641229.66,8,-6
"SABANA DE TORRES",2020,1455408.85,9,-5
"SABANA DE TORRES",2021,700804.28,8,-6
"SABANALARGA",2015,3236,1,0
"SABANALARGA",2016,12024,1,0
"SABANALARGA",2017,26559.76,1,0
"SABANALARGA",2018,81167.49,1,0
"SABANALARGA",2019,168023.27,1,0
"SABANALARGA",2020,197687.86,1,0
"SABANALARGA",2021,97781.4,1,0
"SAHAGUN",2017,0,2,0
"SAN ALBERTO",2010,145786,1,0
"SAN ALBERTO",2011,147065,1,0
"SAN ALBERTO",2012,134207,1,0
"SAN ALBERTO",2013,129097,1,0
"SAN ALBERTO",2014,110874,1,0
"SAN ALBERTO",2015,107249,1,0
"SAN ALBERTO",2016,24363,1,0
"SAN ALBERTO",2017,0,1,0
"SAN ALBERTO",2018,2271.95,1,0
"SAN ALBERTO",2019,74694.77,1,0
"SAN ALBERTO",2020,16752.87,1,0
"SAN ALBERTO",2021,1258.1,1,0
"SAN CAARLOS GUAROA",2013,5695,3,0
"SAN CAARLOS GUAROA",2014,24128,2,-1
"SAN CAARLOS GUAROA",2015,14472,2,-1
"SAN CAARLOS GUAROA",2017,0,3,0
"SAN CAARLOS GUAROA",2018,563.77,3,0
"SAN JOSE DE FRAGUA",2012,581,1,0
"SAN LUIS",2010,4259,1,0
"SAN LUIS",2011,3140,1,0
"SAN LUIS",2012,720,1,0
"SAN LUIS",2013,818,1,0
"SAN LUIS",2014,652,1,0
"SAN LUIS",2015,1022,1,0
"SAN LUIS",2017,560.35,1,0
"SAN LUIS",2018,1623.91,1,0
"SAN LUIS",2019,9676.85,1,0
"SAN LUIS",2020,7923.88,1,0
"SAN LUIS",2021,5556.4,1,0
"SAN LUIS DE GACENO",2010,12931,1,0
"SAN LUIS DE GACENO",2011,8682,1,0
"SAN LUIS DE GACENO",2012,377,1,0
"SAN LUIS DE GACENO",2013,14880,1,0
"SAN LUIS DE GACENO",2014,10541,1,0
"SAN LUIS DE GACENO",2017,0,1,0
"SAN LUIS DE GACENO",2018,25337,1,0
"SAN LUIS DE GACENO",2019,22050.89,1,0
"SAN LUIS DE GACENO",2020,11644.11,1,0
"SAN LUIS DE GACENO",2021,8401.61,1,0
"SAN LUIS DE PALENQUE",2010,2487027,15,0
"SAN LUIS DE PALENQUE",2011,2540612,19,4
"SAN LUIS DE PALENQUE",2012,3518185,22,7
"SAN LUIS DE PALENQUE",2013,8337995,30,15
"SAN LUIS DE PALENQUE",2014,10435615,27,12
"SAN LUIS DE PALENQUE",2015,6558235,26,11
"SAN LUIS DE PALENQUE",2016,4176202,26,11
"SAN LUIS DE PALENQUE",2017,3051254.76,30,15
"SAN LUIS DE PALENQUE",2018,2323134.11,27,12
"SAN LUIS DE PALENQUE",2019,2352149.38,26,11
"SAN LUIS DE PALENQUE",2020,1863399.7,26,11
"SAN LUIS DE PALENQUE",2021,927900.14,23,8
"SAN MARCOS",2017,0,1,0
"SAN MARTÍN",2010,1658446,4,0
"SAN MARTÍN",2011,1636159,5,1
"SAN MARTÍN",2012,1548096,6,2
"SAN MARTÍN",2013,1699408,7,3
"SAN MARTÍN",2014,2319829,8,4
"SAN MARTÍN",2015,3454098,7,3
"SAN MARTÍN",2016,3415371,6,2
"SAN MARTÍN",2017,5041379.93,13,9
"SAN MARTÍN",2018,8083320.24,5,1
"SAN MARTÍN",2019,7519167.01,6,2
"SAN MARTÍN",2020,5351528.25,5,1
"SAN MARTÍN",2021,3064509.54,4,0
"SAN MIGUEL",2010,378676,2,0
"SAN MIGUEL",2011,357974,2,0
"SAN MIGUEL",2012,312266,2,0
"SAN MIGUEL",2013,633424,3,1
"SAN MIGUEL",2014,966282,2,0
"SAN MIGUEL",2015,918964,2,0
"SAN MIGUEL",2016,748938,2,0
"SAN MIGUEL",2017,680492.28,4,2
"SAN MIGUEL",2018,704150.18,2,0
"SAN MIGUEL",2019,598007.39,2,0
"SAN MIGUEL",2020,634426.32,2,0
"SAN MIGUEL",2021,210441.01,2,0
"SAN PEDRO",2010,5266,1,0
"SAN PEDRO",2011,7758,2,1
"SAN PEDRO",2012,7012,3,2
"SAN PEDRO",2013,5894,3,2
"SAN PEDRO",2014,6311,4,3
"SAN PEDRO",2015,4921,4,3
"SAN PEDRO",2016,4913,3,2
"SAN PEDRO",2017,2137.38,4,3
"SAN PEDRO",2018,1040.81,1,0
"SAN PEDRO",2019,395.12,1,0
"SAN PEDRO",2020,388.76,1,0
"SAN PEDRO",2021,76.22,1,0
"SAN VICENTE DE CHUCURI",2010,1453935,6,0
"SAN VICENTE DE CHUCURI",2011,1905500,7,1
"SAN VICENTE DE CHUCURI",2012,1720682,7,1
"SAN VICENTE DE CHUCURI",2013,1315239,7,1
"SAN VICENTE DE CHUCURI",2014,1120998,8,2
"SAN VICENTE DE CHUCURI",2015,1054728,5,-1
"SAN VICENTE DE CHUCURI",2016,956043,5,-1
"SAN VICENTE DE CHUCURI",2017,884668.68,9,3
"SAN VICENTE DE CHUCURI",2018,890248.03,7,1
"SAN VICENTE DE CHUCURI",2019,801384.26,4,-2
"SAN VICENTE DE CHUCURI",2020,718790.85,4,-2
"SAN VICENTE DE CHUCURI",2021,316899.75,4,-2
"SAN VICENTE DEL CAGUAN",2011,627,1,0
"SAN VICENTE DEL CAGUAN",2018,16.61,1,0
"SANTA ANA",2011,281,1,0
"SANTA ANA",2012,2112,1,0
"SANTA ANA",2014,2032,2,1
"SANTA ANA",2015,15048,3,2
"SANTA ANA",2016,18419,4,3
"SANTA ANA",2017,6342.11,4,3
"SANTA ANA",2018,2772.66,4,3
"SANTA ANA",2019,1439.78,4,3
"SANTA ANA",2020,629.93,4,3
"SANTA ROSALIA",2010,132892,1,0
"SANTA ROSALIA",2011,73990,1,0
"SANTA ROSALIA",2012,56985,1,0
"SANTA ROSALIA",2013,40263,1,0
"SANTA ROSALIA",2014,47800,1,0
"SANTA ROSALIA",2015,2269,1,0
"SANTA ROSALIA",2017,0,1,0
"SARAVENA",2010,179210,1,0
"SARAVENA",2011,187804,1,0
"SARAVENA",2012,183560,1,0
"SARAVENA",2013,113786,1,0
"SARAVENA",2014,134158,1,0
"SARAVENA",2015,135288,1,0
"SARAVENA",2016,24018,1,0
"SARAVENA",2017,778.68,1,0
"SARAVENA",2018,9767.56,1,0
"SARDINATA",2010,1029,1,0
"SARDINATA",2011,612,1,0
"SARDINATA",2012,408,1,0
"SARDINATA",2013,695,1,0
"SARDINATA",2014,564,1,0
"SARDINATA",2015,128,1,0
"SARDINATA",2017,74.31,1,0
"SARDINATA",2018,152.32,1,0
"SARDINATA",2019,91.44,1,0
"SARDINATA",2020,13.78,1,0
"SIMACOTA",2010,11671,1,0
"SIMACOTA",2011,9720,1,0
"SIMACOTA",2012,8647,1,0
"SIMACOTA",2013,7782,1,0
"SIMACOTA",2014,7721,1,0
"SIMACOTA",2015,6180,1,0
"SIMACOTA",2016,6333,1,0
"SIMACOTA",2017,58101,1,0
"SIMACOTA",2018,156057.13,1,0
"SIMACOTA",2019,132684.9,1,0
"SIMACOTA",2020,75430,1,0
"SIMACOTA",2021,52318.66,1,0
"SINCE",2017,20.6,2,0
"SINCE",2018,11.98,1,-1
"SINCE",2019,3.31,1,-1
"SINCE",2020,3.26,1,-1
"SINCE",2021,0.64,1,-1
"TALAIGUA NUEVO",2010,110620,2,0
"TALAIGUA NUEVO",2011,130143,2,0
"TALAIGUA NUEVO",2012,116729,2,0
"TALAIGUA NUEVO",2013,127907,2,0
"TALAIGUA NUEVO",2014,124133,2,0
"TALAIGUA NUEVO",2015,115007,2,0
"TALAIGUA NUEVO",2016,130985,2,0
"TALAIGUA NUEVO",2017,126845.02,2,0
"TALAIGUA NUEVO",2018,121094.17,2,0
"TALAIGUA NUEVO",2019,121051.85,2,0
"TALAIGUA NUEVO",2020,118514.56,2,0
"TALAIGUA NUEVO",2021,61849.66,2,0
"TAME",2010,224458,2,0
"TAME",2011,81,1,-1
"TAME",2017,55176,1,-1
"TAME",2018,463315.13,2,0
"TAME",2019,1918292.02,3,1
"TAME",2020,2192822.53,2,0
"TAME",2021,1263382.9,2,0
"TAURAMENA",2010,7945649,5,0
"TAURAMENA",2011,9421583,8,3
"TAURAMENA",2012,8810817,12,7
"TAURAMENA",2013,9325679,14,9
"TAURAMENA",2014,12935833,20,15
"TAURAMENA",2015,15867236,20,15
"TAURAMENA",2016,13542784,21,16
"TAURAMENA",2017,13055411.17,24,19
"TAURAMENA",2018,15341840.99,20,15
"TAURAMENA",2019,18583477.33,22,17
"TAURAMENA",2020,15746815.42,19,14
"TAURAMENA",2021,6773031.22,16,11
"TELLO",2012,203,1,0
"TELLO",2015,4415,1,0
"TELLO",2017,0,1,0
"TESALIA",2010,687312,1,0
"TESALIA",2011,643092,1,0
"TESALIA",2012,467587,1,0
"TESALIA",2013,519207,1,0
"TESALIA",2014,438385,1,0
"TESALIA",2015,397636,1,0
"TESALIA",2016,344632,1,0
"TESALIA",2017,331758,1,0
"TESALIA",2018,284707.93,1,0
"TESALIA",2019,310411.24,1,0
"TESALIA",2020,359783.8,1,0
"TESALIA",2021,173992.1,1,0
"TIBU",2010,962004,4,0
"TIBU",2011,998984,4,0
"TIBU",2012,1017900,4,0
"TIBU",2013,634540,4,0
"TIBU",2014,768485,3,-1
"TIBU",2015,1192873,2,-2
"TIBU",2016,1088877,2,-2
"TIBU",2017,962234.06,3,-1
"TIBU",2018,761482.64,2,-2
"TIBU",2019,466683.42,2,-2
"TIBU",2020,730524.07,2,-2
"TIBU",2021,278621.16,3,-1
"TOPAGA",2010,21905,2,0
"TOPAGA",2011,23238,1,-1
"TOPAGA",2012,24809,1,-1
"TOPAGA",2013,18953,1,-1
"TOPAGA",2014,14055,1,-1
"TOPAGA",2015,7190,1,-1
"TOPAGA",2016,16324,1,-1
"TOPAGA",2017,14833.15,2,0
"TOPAGA",2018,12925.67,1,-1
"TOPAGA",2019,11619.99,1,-1
"TOPAGA",2020,11132.95,1,-1
"TOPAGA",2021,5185.18,1,-1
"TRINIDAD",2010,2277204,11,0
"TRINIDAD",2011,2522059,13,2
"TRINIDAD",2012,2148977,16,5
"TRINIDAD",2013,2012994,16,5
"TRINIDAD",2014,1880108,16,5
"TRINIDAD",2015,909870,10,-1
"TRINIDAD",2016,1339263,11,0
"TRINIDAD",2017,1575143.22,18,7
"TRINIDAD",2018,1830813.72,14,3
"TRINIDAD",2019,1640996.73,15,4
"TRINIDAD",2020,1049064.02,13,2
"TRINIDAD",2021,473187.55,10,-1
"VALLE DEL GUAMUEZ",2010,335297,2,0
"VALLE DEL GUAMUEZ",2011,256772,2,0
"VALLE DEL GUAMUEZ",2012,201038,2,0
"VALLE DEL GUAMUEZ",2013,213968,2,0
"VALLE DEL GUAMUEZ",2014,202399,2,0
"VALLE DEL GUAMUEZ",2015,232927,2,0
"VALLE DEL GUAMUEZ",2016,200986,2,0
"VALLE DEL GUAMUEZ",2017,197322.11,2,0
"VALLE DEL GUAMUEZ",2018,170334.98,2,0
"VALLE DEL GUAMUEZ",2019,158469.27,4,2
"VALLE DEL GUAMUEZ",2020,98724.01,2,0
"VALLE DEL GUAMUEZ",2021,41358.25,2,0
"VILLA NUEVA",2010,200998,1,0
"VILLA NUEVA",2011,1261893,4,3
"VILLA NUEVA",2012,556271,7,6
"VILLA NUEVA",2013,871831,5,4
"VILLA NUEVA",2014,1594782,5,4
"VILLA NUEVA",2015,1787408,5,4
"VILLA NUEVA",2016,4638743,6,5
"VILLA NUEVA",2017,3979812.67,9,8
"VILLA NUEVA",2018,10050436.22,9,8
"VILLA NUEVA",2019,12815291.78,10,9
"VILLA NUEVA",2020,11296580.36,9,8
"VILLA NUEVA",2021,5401762.1,7,6
"VILLAGARZON",2010,6743723,3,0
"VILLAGARZON",2011,7314697,3,0
"VILLAGARZON",2012,6224904,4,1
"VILLAGARZON",2013,7363188,4,1
"VILLAGARZON",2014,6499567,4,1
"VILLAGARZON",2015,5225235,4,1
"VILLAGARZON",2016,4843224,3,0
"VILLAGARZON",2017,4398210.11,5,2
"VILLAGARZON",2018,3540414.8,5,2
"VILLAGARZON",2019,2971557.96,5,2
"VILLAGARZON",2020,2246721.2,5,2
"VILLAGARZON",2021,784263.06,5,2
"VILLANUEVA",2017,24352.05,1,0
"VILLANUEVA",2018,3140.87,1,0
"VILLAVICENCIO",2010,8157833,14,0
"VILLAVICENCIO",2011,8072830,13,-1
"VILLAVICENCIO",2012,7881856,13,-1
"VILLAVICENCIO",2013,7828294,13,-1
"VILLAVICENCIO",2014,7029900,13,-1
"VILLAVICENCIO",2015,5715373,11,-3
"VILLAVICENCIO",2016,5021637,10,-4
"VILLAVICENCIO",2017,4653756.97,14,0
"VILLAVICENCIO",2018,4380122.02,12,-2
"VILLAVICENCIO",2019,4593373.97,12,-2
"VILLAVICENCIO",2020,4934764.85,12,-2
"VILLAVICENCIO",2021,2124953.53,12,-2
"VILLAVIEJA",2010,54424,1,0
"VILLAVIEJA",2011,35968,1,0
"VILLAVIEJA",2012,118677,1,0
"VILLAVIEJA",2013,105548,2,1
"VILLAVIEJA",2014,123643,2,1
"VILLAVIEJA",2015,162587,1,0
"VILLAVIEJA",2016,150011,1,0
"VILLAVIEJA",2017,98896.05,2,1
"VILLAVIEJA",2018,97707.62,1,0
"VILLAVIEJA",2019,67679.03,1,0
"VILLAVIEJA",2020,59813.09,1,0
"VILLAVIEJA",2021,32492.75,1,0
"VISTA HERMOSA",2010,15055,1,0
"VISTA HERMOSA",2011,568,3,2
"VISTA HERMOSA",2012,6063,1,0
"VISTA HERMOSA",2013,55675,1,0
"VISTA HERMOSA",2014,121929,3,2
"VISTA HERMOSA",2015,158360,2,1
"VISTA HERMOSA",2016,5722,1,0
"VISTA HERMOSA",2017,0,2,1
"YACOPI",2011,8896,1,0
"YACOPI",2013,14702,1,0
"YACOPI",2014,341,1,0
"YAGUARA",2010,1335090,1,0
"YAGUARA",2011,1147270,1,0
"YAGUARA",2012,1912350,1,0
"YAGUARA",2013,1991748,1,0
"YAGUARA",2014,1844126,1,0
"YAGUARA",2015,1599936,1,0
"YAGUARA",2016,1384850,1,0
"YAGUARA",2017,1440775.76,1,0
"YAGUARA",2018,1393053.7,1,0
"YAGUARA",2019,1267366.92,1,0
"YAGUARA",2020,1142287.96,1,0
"YAGUARA",2021,587940.86,1,0
"YONDO",2010,6114931,6,0
"YONDO",2011,6881586,4,-2
"YONDO",2012,8462089,4,-2
"YONDO",2013,8313654,4,-2
"YONDO",2014,8038984,3,-3
"YONDO",2015,7986274,3,-3
"YONDO",2016,6520964,3,-3
"YONDO",2017,5800950.82,4,-2
"YONDO",2018,5059199.32,3,-3
"YONDO",2019,4810691.13,3,-3
"YONDO",2020,4799802.29,3,-3
"YONDO",2021,2274515.66,3,-3
"YOPAL",2010,9522592,14,0
"YOPAL",2011,17268312,13,-1
"YOPAL",2012,16258865,15,1
"YOPAL",2013,12620135,15,1
"YOPAL",2014,12420388,16,2
"YOPAL",2015,15311476,16,2
"YOPAL",2016,16681190,13,-1
"YOPAL",2017,16778900.44,20,6
"YOPAL",2018,16199048.19,14,0
"YOPAL",2019,14392899.34,15,1
"YOPAL",2020,14040186.79,15,1
"YOPAL",2021,6093775.82,14,0
